"cpf","login","nome","senha","id"
"11122233344","carlos_henrique","Carlos Henrique","senha123","9"
"22233344455","fernanda_souza","Fernanda Souza","senha123","10"
"33344455566","juliana_almeida","Juliana Almeida","senha123","11"
"44455566677","rafael_lima","Rafael Lima","senha123","12"
"55566677788","ana_silva","Ana Silva","senha123","13"
"66677788899","bruno_souza","Bruno Souza","senha123","14"
"77788899900","carla_pereira","Carla Pereira","senha123","15"
"88899900011","daniel_moura","Daniel Moura","senha123","16"
"99900011122","elaine_ferreira","Elaine Ferreira","senha123","17"
"00011122233","felipe_alves","Felipe Alves","senha123","18"
"11122233344","gisele_martins","Gisele Martins","senha123","19"
"22233344455","henrique_lima","Henrique Lima","senha123","20"
"33344455566","lucas_costa","Lucas Costa","senha123","21"
"44455566677","marina_ramos","Marina Ramos","senha123","22"
"55566677788","otavio_teixeira","Otavio Teixeira","senha123","23"
"66677788899","paula_melo","Paula Melo","senha123","24"
"77788899911","rafael_santos","Rafael Santos","senha123","25"
"88899900022","sabrina_campos","Sabrina Campos","senha123","26"
"99900011133","tiago_mendes","Tiago Mendes","senha123","27"
"00011122244","vanessa_azevedo","Vanessa Azevedo","senha123","28"
